seed,eta,lambda,err_lambda,N,J
0,-1.0,0.0002097661328302,2.191458e-07,3200,0.01
0,-0.5,0.0001668939894566,3.7638842e-07,3200,0.01
0,0.0,0.0001411837798249,3.8213375e-07,3200,0.01
0,0.5,0.0001463205127002,2.0024901e-07,3200,0.01
0,1.0,0.0001284579623052,1.6501062e-07,3200,0.01
0,-1.0,0.0002935551497064,2.3468014e-07,3200,0.012
0,-0.5,0.0002236122251085,2.7971346e-07,3200,0.012
0,0.0,0.0002141789132178,2.4864203e-07,3200,0.012
0,0.5,0.0001888967055351,2.643446e-07,3200,0.012
0,1.0,0.0002278073317944,8.7552265e-08,3200,0.012
0,-1.0,0.0004728845332384,8.5684683e-08,3200,0.015
0,-0.5,0.0004897743405842,4.9816382e-08,3200,0.015
0,0.0,0.0004037328462017,2.9464767e-08,3200,0.015
0,0.5,0.0002965178902998,2.1236258e-08,3200,0.015
0,1.0,0.0003445515590024,2.8051167e-08,3200,0.015
0,-1.0,0.0005462500549459,1.4466645e-08,3200,0.018
0,-0.5,0.0005311855142298,1.5034401e-08,3200,0.018
0,0.0,0.0004710421219831,4.7226085e-09,3200,0.018
0,0.5,0.0005093172088789,3.7669112e-08,3200,0.018
0,1.0,0.0005302522169713,4.1701299e-08,3200,0.018
0,-1.0,0.0008555283819863,1.6566912e-08,3200,0.022
0,-0.5,0.0007264750476732,4.094058e-08,3200,0.022
0,0.0,0.0008156634125754,1.3385596e-08,3200,0.022
0,0.5,0.0007838909011508,2.4407274e-08,3200,0.022
0,1.0,0.0008056205832139,5.8443208e-08,3200,0.022
0,-1.0,0.001223424155608,1.9034327e-08,3200,0.026
0,-0.5,0.0010824262482,1.5733593e-08,3200,0.026
0,0.0,0.001127477976327,3.4747685e-08,3200,0.026
0,0.5,0.001058141766563,6.6636539e-09,3200,0.026
0,1.0,0.001088304236169,4.7163184e-08,3200,0.026
0,-1.0,0.001846756942029,5.2621776e-08,3200,0.032
0,-0.5,0.001562189726842,1.7062897e-08,3200,0.032
0,0.0,0.001581067347178,3.9133496e-08,3200,0.032
0,0.5,0.001529020652711,2.0229892e-08,3200,0.032
0,1.0,0.001633019382933,4.2717396e-08,3200,0.032
0,-1.0,0.002591550393718,9.321803e-08,3200,0.039
0,-0.5,0.002359775429805,2.0813862e-08,3200,0.039
0,0.0,0.002385998360461,9.6813579e-08,3200,0.039
0,0.5,0.002392317849084,8.7527772e-08,3200,0.039
0,1.0,0.002608620718814,1.2878833e-07,3200,0.039
0,-1.0,0.003640566296596,1.133316e-08,3200,0.047
0,-0.5,0.003386235175878,2.6204238e-08,3200,0.047
0,0.0,0.003361486119394,1.3274286e-08,3200,0.047
0,0.5,0.00347241577878,6.5302982e-08,3200,0.047
0,1.0,0.003531650406061,5.884001e-08,3200,0.047
0,-1.0,0.005265641784127,1.0558073e-07,3200,0.057
0,-0.5,0.004963108288422,5.8705497e-08,3200,0.057
0,0.0,0.004945507442723,7.4831601e-08,3200,0.057
0,0.5,0.004971545264005,8.0173812e-08,3200,0.057
0,1.0,0.00498353915733,2.2424047e-07,3200,0.057
0,-1.0,0.00786453341532,2.0703115e-07,3200,0.07
0,-0.5,0.007442049332237,7.5725052e-08,3200,0.07
0,0.0,0.007506890106783,2.318498e-07,3200,0.07
0,0.5,0.007494608433179,2.1678205e-07,3200,0.07
0,1.0,0.007500345442136,1.4153573e-07,3200,0.07
0,-1.0,0.01146544137376,4.6287342e-07,3200,0.085
0,-0.5,0.01115311405436,1.7471563e-07,3200,0.085
0,0.0,0.01080070172457,2.2274109e-07,3200,0.085
0,0.5,0.01098540682994,1.7832149e-07,3200,0.085
0,1.0,0.01095404703026,2.4743604e-07,3200,0.085
0,-1.0,0.01666515661226,3.3582865e-07,3200,0.103
0,-0.5,0.01600572481107,2.0826055e-07,3200,0.103
0,0.0,0.01578130679902,1.8198346e-07,3200,0.103
0,0.5,0.01589877261608,3.0258057e-07,3200,0.103
0,1.0,0.01613067869208,3.4633382e-07,3200,0.103
0,-1.0,0.02383073075653,6.200663e-07,3200,0.125
0,-0.5,0.02298204803127,1.4493483e-07,3200,0.125
0,0.0,0.02342862756037,5.8043098e-07,3200,0.125
0,0.5,0.02307162389576,4.7713724e-07,3200,0.125
0,1.0,0.02319581168148,3.8565769e-07,3200,0.125
0,-1.0,0.03486099100717,1.1683537e-06,3200,0.152
0,-0.5,0.03365827789571,8.0937963e-07,3200,0.152
0,0.0,0.03367139999322,9.1885232e-07,3200,0.152
0,0.5,0.03327947498896,9.5985865e-07,3200,0.152
0,1.0,0.03346839152357,1.5299299e-06,3200,0.152
0,-1.0,0.04955094497465,9.9213266e-07,3200,0.184
0,-0.5,0.04805616360489,1.2736334e-06,3200,0.184
0,0.0,0.04800595835089,1.2125159e-06,3200,0.184
0,0.5,0.04736562561846,1.2342116e-06,3200,0.184
0,1.0,0.04680046381351,1.4766779e-06,3200,0.184
0,-1.0,0.07085555013964,2.4552515e-06,3200,0.223
0,-0.5,0.06874778837185,1.7739191e-06,3200,0.223
0,0.0,0.06758309626021,1.7263017e-06,3200,0.223
0,0.5,0.06654700366594,1.8142208e-06,3200,0.223
0,1.0,0.06574182140133,1.5831618e-06,3200,0.223
0,-1.0,0.1001558219026,3.4703995e-06,3200,0.271
0,-0.5,0.09734277293821,2.8915694e-06,3200,0.271
0,0.0,0.09515820325985,4.4783536e-06,3200,0.271
0,0.5,0.09345771065951,2.8466773e-06,3200,0.271
0,1.0,0.09096057289202,3.5740379e-06,3200,0.271
0,-1.0,0.1411919828584,4.9775735e-06,3200,0.329
0,-0.5,0.1360402285066,7.7234903e-06,3200,0.329
0,0.0,0.1311910308104,7.7890381e-06,3200,0.329
0,0.5,0.1268786795106,3.9497126e-06,3200,0.329
0,1.0,0.1230253271144,5.8439857e-06,3200,0.329
0,-1.0,0.1958262288377,7.3379789e-06,3200,0.4
0,-0.5,0.1861161958671,9.7805007e-06,3200,0.4
0,0.0,0.1778987341741,1.5488904e-05,3200,0.4
0,0.5,0.1694121218469,9.1568935e-06,3200,0.4
0,1.0,0.1613696649907,9.2536587e-06,3200,0.4
