,seed,eta,lambda,err_lambda,N,J
0,0,-1.0,0.0002960250163625,2.1187473e-08,3200,0.01
1,0,-0.5,0.000385914571973,1.059832e-07,3200,0.01
2,0,0.0,0.0002822642405987,3.0002e-08,3200,0.01
3,0,0.5,0.000281638227054,3.2908236e-08,3200,0.01
4,0,1.0,0.0002680847969908,3.9218223e-08,3200,0.01
0,0,-1.0,0.000449792934426,3.909612e-08,3200,0.012
1,0,-0.5,0.0005640870607877,4.9945015e-08,3200,0.012
2,0,0.0,0.0004293778002492,2.9845158e-08,3200,0.012
3,0,0.5,0.0004321276477735,3.5377551e-08,3200,0.012
4,0,1.0,0.0003521078081296,3.271867e-08,3200,0.012
0,0,-1.0,0.000660854638022,1.8652161e-08,3200,0.015
1,0,-0.5,0.0006027033113183,2.0515557e-08,3200,0.015
2,0,0.0,0.0005677187855143,1.9503707e-08,3200,0.015
3,0,0.5,0.000588491224383,3.0620566e-08,3200,0.015
4,0,1.0,0.0005956656926585,1.6519771e-08,3200,0.015
0,0,-1.0,0.0009784270407691,5.3457664e-08,3200,0.018
1,0,-0.5,0.0009031308927669,4.7581866e-08,3200,0.018
2,0,0.0,0.0008973694183305,3.0878784e-08,3200,0.018
3,0,0.5,0.0008915669500562,9.0945113e-09,3200,0.018
4,0,1.0,0.0009485472565508,6.4804834e-08,3200,0.018
0,0,-1.0,0.001347357049308,2.8463553e-08,3200,0.022
1,0,-0.5,0.001366321486615,1.2806712e-08,3200,0.022
2,0,0.0,0.001373001685628,2.8900735e-08,3200,0.022
3,0,0.5,0.00140972144786,4.8843348e-08,3200,0.022
4,0,1.0,0.001307175711824,1.7629613e-08,3200,0.022
0,0,-1.0,0.001016226556653,8.0421431e-08,3200,0.026
1,0,-0.5,0.000937049668123,4.9797815e-08,3200,0.026
2,0,0.0,0.001064124771751,1.3162316e-07,3200,0.026
3,0,0.5,0.001033767456541,1.2038784e-07,3200,0.026
4,0,1.0,0.001095289618388,8.1719976e-08,3200,0.026
0,0,-1.0,0.001524306288555,1.1209172e-07,3200,0.032
1,0,-0.5,0.001533031168909,8.5440548e-08,3200,0.032
2,0,0.0,0.001542316116429,1.4448045e-07,3200,0.032
3,0,0.5,0.001451167662892,4.5094681e-08,3200,0.032
4,0,1.0,0.001471777196267,1.441315e-07,3200,0.032
0,0,-1.0,0.00182330952237,1.9063936e-07,3200,0.039
1,0,-0.5,0.002002932914527,1.8973758e-07,3200,0.039
2,0,0.0,0.001681072067628,8.1134376e-08,3200,0.039
3,0,0.5,0.002160447678922,3.0192455e-07,3200,0.039
4,0,1.0,0.001903406281543,1.2243733e-07,3200,0.039
0,0,-1.0,0.002525851603171,1.2534607e-07,3200,0.047
1,0,-0.5,0.002775847897732,9.843672e-08,3200,0.047
2,0,0.0,0.002733801022881,1.4697178e-07,3200,0.047
3,0,0.5,0.002669837908823,2.481877e-07,3200,0.047
4,0,1.0,0.002620556011861,1.5153681e-07,3200,0.047
0,0,-1.0,0.003666068179959,1.2705216e-07,3200,0.057
1,0,-0.5,0.00373887466783,9.5010866e-08,3200,0.057
2,0,0.0,0.004001451772338,3.4791119e-07,3200,0.057
3,0,0.5,0.003712782409406,1.6446452e-07,3200,0.057
4,0,1.0,0.003541109940052,9.5384297e-08,3200,0.057
0,0,-1.0,0.005678298105201,1.4503869e-07,3200,0.07
1,0,-0.5,0.005560568111659,1.71911e-07,3200,0.07
2,0,0.0,0.005501854232205,1.6905799e-07,3200,0.07
3,0,0.5,0.005674759443732,2.7309725e-07,3200,0.07
4,0,1.0,0.005640472311781,4.5455658e-07,3200,0.07
0,0,-1.0,0.008096179312137,1.0542349e-07,3200,0.085
1,0,-0.5,0.008118461426642,2.1022483e-07,3200,0.085
2,0,0.0,0.008085336947594,1.2269486e-07,3200,0.085
3,0,0.5,0.008236026019777,4.235646e-07,3200,0.085
4,0,1.0,0.008349360957033,4.0007649e-07,3200,0.085
0,0,-1.0,0.01192066690131,1.6484277e-07,3200,0.103
1,0,-0.5,0.01173355522083,2.1096145e-07,3200,0.103
2,0,0.0,0.01163802625878,1.3787449e-07,3200,0.103
3,0,0.5,0.01155370598472,3.2192147e-07,3200,0.103
4,0,1.0,0.01173346307717,1.5802253e-07,3200,0.103
0,0,-1.0,0.01740787776882,5.5624394e-07,3200,0.125
1,0,-0.5,0.01718442497555,2.1362385e-07,3200,0.125
2,0,0.0,0.01695005020465,3.9553333e-07,3200,0.125
3,0,0.5,0.01686471272732,2.9784761e-07,3200,0.125
4,0,1.0,0.01705885335723,3.2369263e-07,3200,0.125
0,0,-1.0,0.02502899005499,1.0507888e-06,3200,0.152
1,0,-0.5,0.02500397306485,8.5369509e-07,3200,0.152
2,0,0.0,0.02505614978296,1.0394191e-06,3200,0.152
3,0,0.5,0.02451421688926,9.2730792e-07,3200,0.152
4,0,1.0,0.02473018573194,2.2888417e-06,3200,0.152
0,0,-1.0,0.03637355275224,1.7647134e-06,3200,0.184
1,0,-0.5,0.03590018220556,1.9637206e-06,3200,0.184
2,0,0.0,0.03553058283783,2.0069906e-06,3200,0.184
3,0,0.5,0.03529128873127,6.3293563e-07,3200,0.184
4,0,1.0,0.03512950241994,2.297619e-06,3200,0.184
0,0,-1.0,0.05182404484327,2.275331e-06,3200,0.223
1,0,-0.5,0.05134328389125,2.0369238e-06,3200,0.223
2,0,0.0,0.05044211035144,1.8184793e-06,3200,0.223
3,0,0.5,0.04974660000745,2.3096244e-06,3200,0.223
4,0,1.0,0.04958009745743,2.7064365e-06,3200,0.223
0,0,-1.0,0.07364118262965,2.7076548e-06,3200,0.271
1,0,-0.5,0.07281024110405,3.1968482e-06,3200,0.271
2,0,0.0,0.07242740218441,4.8994166e-06,3200,0.271
3,0,0.5,0.07039602319873,3.5688401e-06,3200,0.271
4,0,1.0,0.06986929206622,3.1548859e-06,3200,0.271
0,0,-1.0,0.1050440216287,5.7914662e-06,3200,0.329
1,0,-0.5,0.1025155459933,4.9285261e-06,3200,0.329
2,0,0.0,0.1009723466459,3.3893642e-06,3200,0.329
3,0,0.5,0.09938383958981,3.4409408e-06,3200,0.329
4,0,1.0,0.09717720668753,4.1451278e-06,3200,0.329
0,0,-1.0,0.1478007487461,7.0001024e-06,3200,0.4
1,0,-0.5,0.1431521172405,8.2258846e-06,3200,0.4
2,0,0.0,0.1399992219787,8.1255572e-06,3200,0.4
3,0,0.5,0.1357775235579,4.9817928e-06,3200,0.4
4,0,1.0,0.1323940636621,5.6843686e-06,3200,0.4
