J,eta,N,lambda,err_lambda
0.14,-1.0,200,0.019879054586566882,9.841687164492392e-05
0.14,-1.0,400,0.02098107942920712,6.983449442237295e-05
0.14,-1.0,800,0.021562160587835902,4.855556142418115e-05
0.14,-1.0,1600,0.02194336154231224,3.6989335917123986e-05
0.14,-1.0,3200,0.022136818980468518,2.7186759716206055e-05
0.14,-1.0,6400,0.02240784283029028,1.9657707716622605e-05
0.14,-0.75,200,0.0195158589734693,9.420265008207162e-05
0.14,-0.75,400,0.02068929443287996,6.944312677914718e-05
0.14,-0.75,800,0.021421613761811082,4.786406898773811e-05
0.14,-0.75,1600,0.02187665076712286,3.659762773275404e-05
0.14,-0.75,3200,0.02210979831010812,2.624557496284415e-05
0.14,-0.75,6400,0.02235636969892358,2.115221139062191e-05
0.14,-0.5,200,0.0191382973762043,8.93119244498856e-05
0.14,-0.5,400,0.02049798557799724,6.698080390244879e-05
0.14,-0.5,800,0.021318630379744838,5.081246167866798e-05
0.14,-0.5,1600,0.021740926183169598,3.611283036065463e-05
0.14,-0.5,3200,0.022036390377599118,2.6923241072895878e-05
0.14,-0.5,6400,0.0222901443387333,2.0366954640293324e-05
0.14,-0.25,200,0.01875309783708624,8.752113640662019e-05
0.14,-0.25,400,0.0202717935869853,6.340519513750058e-05
0.14,-0.25,800,0.02116481263503512,4.6346090899819525e-05
0.14,-0.25,1600,0.021691908200672738,3.608450277791178e-05
0.14,-0.25,3200,0.02198743204427208,2.7180199808563796e-05
0.14,-0.25,6400,0.02223313444054872,2.0325752951865126e-05
0.14,0.0,200,0.01846213846044148,8.899794908610574e-05
0.14,0.0,400,0.02014197266335066,6.606947461379844e-05
0.14,0.0,800,0.0210435987665535,4.710914616786438e-05
0.14,0.0,1600,0.0216264073228339,3.576836240177776e-05
0.14,0.0,3200,0.02191122964345422,2.560076021739396e-05
0.14,0.0,6400,0.02218502882983152,2.0648662036995943e-05
0.14,0.25,200,0.01827807791558998,8.709929848691495e-05
0.14,0.25,400,0.02002234475198254,6.290548614115914e-05
0.14,0.25,800,0.02101742048473736,4.740996723342869e-05
0.14,0.25,1600,0.02159525839630962,3.511524723806835e-05
0.14,0.25,3200,0.02189808372537858,2.6368732958606232e-05
0.14,0.25,6400,0.022133723247695317,2.1502609867530234e-05
0.14,0.5,200,0.01805909674205478,8.723685016593127e-05
0.14,0.5,400,0.01985265970084894,6.400095494624469e-05
0.14,0.5,800,0.02094063599274348,4.79437752780067e-05
0.14,0.5,1600,0.021544413718423118,3.4618645857533985e-05
0.14,0.5,3200,0.021817337945618062,2.479174358618822e-05
0.14,0.5,6400,0.022105419506319158,1.9642795078117167e-05
0.14,0.75,200,0.01787792291367634,9.000729407750377e-05
0.14,0.75,400,0.01985187144046736,6.21770560910272e-05
0.14,0.75,800,0.02093651257278898,4.8552362786857344e-05
0.14,0.75,1600,0.02151033005870632,3.493248357191955e-05
0.14,0.75,3200,0.021789584392916558,2.602791097919536e-05
0.14,0.75,6400,0.02204399031132986,2.030685932303841e-05
0.14,1.0,200,0.01762233078594124,9.229080286506531e-05
0.14,1.0,400,0.01971702888590794,6.463491291966832e-05
0.14,1.0,800,0.020886711838182682,4.88969694017029e-05
0.14,1.0,1600,0.021492222023357217,3.5249952512956477e-05
0.14,1.0,3200,0.02177311047760288,2.7157023295345028e-05
0.14,1.0,6400,0.02202122243578684,2.0335017172463962e-05
0.2,-1.0,200,0.039015408034255135,0.00014686065603761544
0.2,-1.0,400,0.04095471574991958,0.00011242385620774303
0.2,-1.0,800,0.04204002901462844,7.99740285544893e-05
0.2,-1.0,1600,0.0429151990105756,5.7945172699468124e-05
0.2,-1.0,3200,0.0433866368537385,4.416721368414415e-05
0.2,-1.0,6400,0.043909524738981,3.1666276811734475e-05
0.2,-0.75,200,0.0384146907476619,0.00014123482099978704
0.2,-0.75,400,0.04047824979537786,0.00010781792088020826
0.2,-0.75,800,0.04179902217057026,7.713642115459033e-05
0.2,-0.75,1600,0.0426782147515879,5.727044909321794e-05
0.2,-0.75,3200,0.04318968848208936,4.3954948038955546e-05
0.2,-0.75,6400,0.04371280606573168,3.1666034586483625e-05
0.2,-0.5,200,0.03799035377657628,0.00014052283087791518
0.2,-0.5,400,0.0401454661303728,0.00010250586648224572
0.2,-0.5,800,0.04150874623365218,7.467131717648948e-05
0.2,-0.5,1600,0.04245187325270818,5.6427734325736686e-05
0.2,-0.5,3200,0.0430134296971433,4.2789101487764806e-05
0.2,-0.5,6400,0.04350856308053818,3.154082830040659e-05
0.2,-0.25,200,0.03738045585354078,0.00013485758988219574
0.2,-0.25,400,0.039706917380020565,9.973370452250329e-05
0.2,-0.25,800,0.04128949509461526,7.364354524354149e-05
0.2,-0.25,1600,0.04226125348317052,5.513468636895557e-05
0.2,-0.25,3200,0.04276950673699924,4.156076406098689e-05
0.2,-0.25,6400,0.043290587152421435,3.118492833093677e-05
0.2,0.0,200,0.0368540892945233,0.00013153336347818877
0.2,0.0,400,0.03941404889958748,9.197361708178451e-05
0.2,0.0,800,0.0410521259701013,7.416519506317933e-05
0.2,0.0,1600,0.042013061765626296,5.427095375741844e-05
0.2,0.0,3200,0.042581722105695274,4.11001204280944e-05
0.2,0.0,6400,0.0431664161833648,3.0817777698910356e-05
0.2,0.25,200,0.03652028499139026,0.00013453610753958817
0.2,0.25,400,0.0390531968454085,9.933635260163018e-05
0.2,0.25,800,0.0408303839676067,7.354987082025706e-05
0.2,0.25,1600,0.041878293612150765,5.49402675328035e-05
0.2,0.25,3200,0.04240586665049004,3.988807196778507e-05
0.2,0.25,6400,0.042919653772613524,3.0261387640335867e-05
0.2,0.5,200,0.03616078969346598,0.00013262909119674316
0.2,0.5,400,0.038768677471846924,9.641791714009015e-05
0.2,0.5,800,0.04067777668111904,7.05043328135359e-05
0.2,0.5,1600,0.04164225427550136,5.309028236216427e-05
0.2,0.5,3200,0.042254102132101755,3.951511273495949e-05
0.2,0.5,6400,0.04276352691703216,3.0981513487902454e-05
0.2,0.75,200,0.03580077839117482,0.0001342281739216579
0.2,0.75,400,0.038622328042541065,9.510199250600944e-05
0.2,0.75,800,0.040490939473876456,7.365662815712227e-05
0.2,0.75,1600,0.04151473030498112,5.2522562388736e-05
0.2,0.75,3200,0.042114154823265,3.967564550882126e-05
0.2,0.75,6400,0.04259436017190068,2.9749763850997824e-05
0.2,1.0,200,0.03552446018300048,0.0001375521090176679
0.2,1.0,400,0.03846796673603918,9.402185979051132e-05
0.2,1.0,800,0.04043174866451048,7.158271036163257e-05
0.2,1.0,1600,0.04138619336631534,5.3120630419515e-05
0.2,1.0,3200,0.041920418953580535,3.990361165402988e-05
0.2,1.0,6400,0.04239038820589982,2.938031137985477e-05
0.28,-1.0,200,0.07223247626909805,0.0002088854343784663
0.28,-1.0,400,0.07529711556211534,0.00016111425541852925
0.28,-1.0,800,0.07787977284095553,0.00011837184293787371
0.28,-1.0,1600,0.07939873841850312,8.49198706202048e-05
0.28,-1.0,3200,0.08032165775004392,6.71047105506382e-05
0.28,-1.0,6400,0.08127088146741168,4.832119109925351e-05
0.28,-0.75,200,0.07114388661043143,0.00019604409252961955
0.28,-0.75,400,0.07455780465509873,0.000155124036780452
0.28,-0.75,800,0.07714978387932502,0.00011545609720104324
0.28,-0.75,1600,0.07870153945547918,8.424785749192143e-05
0.28,-0.75,3200,0.07969907521800203,6.297634841571285e-05
0.28,-0.75,6400,0.0806502461030795,4.8360132475861245e-05
0.28,-0.5,200,0.07011078121948576,0.00019161554877254717
0.28,-0.5,400,0.0736712886036767,0.00014973882712830558
0.28,-0.5,800,0.07644594929997124,0.00010856888948387579
0.28,-0.5,1600,0.07800666458450686,7.825154056008668e-05
0.28,-0.5,3200,0.0790500619825049,6.0480122904642386e-05
0.28,-0.5,6400,0.0800517753786931,4.78142731923477e-05
0.28,-0.25,200,0.06917969038321345,0.00017693556272783766
0.28,-0.25,400,0.0728805752921313,0.00014800747391466865
0.28,-0.25,800,0.07571391646576686,0.00010608082267691677
0.28,-0.25,1600,0.0774276976657053,7.74525497018523e-05
0.28,-0.25,3200,0.0784730052661224,6.339389264210945e-05
0.28,-0.25,6400,0.0794183271674483,4.611456268843736e-05
0.28,0.0,200,0.06818844363033008,0.00017143650132807282
0.28,0.0,400,0.07216399955175613,0.0001402159514464124
0.28,0.0,800,0.07504642495021999,0.00010039312701635613
0.28,0.0,1600,0.07680016559313187,7.363200023359686e-05
0.28,0.0,3200,0.07783543879870555,6.0430353140887866e-05
0.28,0.0,6400,0.07878371961056144,4.476230457771927e-05
0.28,0.25,200,0.06733372678475512,0.00016742954531335954
0.28,0.25,400,0.0713950357681448,0.00013430898022017673
0.28,0.25,800,0.07443258739662932,0.00010053832206278752
0.28,0.25,1600,0.07613817017084727,7.344704824363816e-05
0.28,0.25,3200,0.07721025186869371,5.8976806031645514e-05
0.28,0.25,6400,0.07819613960462586,4.3938631764271904e-05
0.28,0.5,200,0.06667615413546137,0.00016240541552816205
0.28,0.5,400,0.0707886237698457,0.00013935341832020464
0.28,0.5,800,0.07373831958073951,0.00010003326571048662
0.28,0.5,1600,0.07563431568488778,6.85915114044178e-05
0.28,0.5,3200,0.07667435818786032,5.804865569381016e-05
0.28,0.5,6400,0.07762150113709615,4.2647540203806966e-05
0.28,0.75,200,0.06575998873298715,0.00016174678286381635
0.28,0.75,400,0.0702012301463555,0.00012654646006609368
0.28,0.75,800,0.07324560652315242,9.504116536812642e-05
0.28,0.75,1600,0.0750634418039344,6.603113668726904e-05
0.28,0.75,3200,0.07607832346820308,5.397130718781886e-05
0.28,0.75,6400,0.07702487704674944,4.194447012716522e-05
0.28,1.0,200,0.06521220577113308,0.00016825588144728324
0.28,1.0,400,0.0696448910001895,0.0001314177920147191
0.28,1.0,800,0.07274571229821485,9.218959794486236e-05
0.28,1.0,1600,0.07449280700147504,6.623497388679695e-05
0.28,1.0,3200,0.07551864161271624,5.293072328987976e-05
0.28,1.0,6400,0.0764322131082267,4.069263635027163e-05
0.4,-1.0,200,0.1348472411033572,0.00029821509172037636
0.4,-1.0,400,0.1405488782782568,0.00023429826962880436
0.4,-1.0,800,0.14503807391925322,0.00017167640227635017
0.4,-1.0,1600,0.1480802188461574,0.00012250395902457686
0.4,-1.0,3200,0.15004594796767481,9.794505230219252e-05
0.4,-1.0,6400,0.1519314059765858,7.471939975591327e-05
0.4,-0.75,200,0.13222029906034938,0.00027147195427291873
0.4,-0.75,400,0.1382626477708676,0.0002187676891874025
0.4,-0.75,800,0.14296572942237581,0.00016491198920144085
0.4,-0.75,1600,0.14597290196483018,0.00011589213195521641
0.4,-0.75,3200,0.1480309481724904,9.317179379844795e-05
0.4,-0.75,6400,0.149883715353912,6.866497009882619e-05
0.4,-0.5,200,0.12981041289383383,0.00026070664566012333
0.4,-0.5,400,0.13589601686897418,0.00020697379750246527
0.4,-0.5,800,0.1408101521966026,0.00015440617672786335
0.4,-0.5,1600,0.1439491582677808,0.0001084653191353338
0.4,-0.5,3200,0.1459891640502686,8.942267699335815e-05
0.4,-0.5,6400,0.147864006545069,6.766731106167505e-05
0.4,-0.25,200,0.12745238540332401,0.0002428675611470731
0.4,-0.25,400,0.13378676557311478,0.00019389856895873027
0.4,-0.25,800,0.1387141912974056,0.00014372488031481675
0.4,-0.25,1600,0.1418889208809018,0.00010413576302707552
0.4,-0.25,3200,0.1440009923065862,8.401189324068008e-05
0.4,-0.25,6400,0.1458394436730622,6.576671995422819e-05
0.4,0.0,200,0.1250323994037066,0.0002212542127990103
0.4,0.0,400,0.13159208493960461,0.00018475175589605685
0.4,0.0,800,0.1366757175711638,0.00013271291544032386
0.4,0.0,1600,0.1398615929820832,0.00010209905872108938
0.4,0.0,3200,0.14210454451176158,7.888275505961478e-05
0.4,0.0,6400,0.1438724906944,5.969835886097325e-05
0.4,0.25,200,0.12282160497439941,0.00021212030429570994
0.4,0.25,400,0.1295015059596214,0.000179674876345459
0.4,0.25,800,0.13468862592719522,0.00012569929405575962
0.4,0.25,1600,0.1379458262233404,9.105405969660611e-05
0.4,0.25,3200,0.1399939465909142,7.698763461536316e-05
0.4,0.25,6400,0.1418631437503836,5.9987610948666054e-05
0.4,0.5,200,0.12071255500425261,0.00020333449346404442
0.4,0.5,400,0.1276665923283712,0.00016165957467565833
0.4,0.5,800,0.1327462725508626,0.00012229574692112005
0.4,0.5,1600,0.13594251865519041,8.81213057865263e-05
0.4,0.5,3200,0.1381177255264956,7.047997370694503e-05
0.4,0.5,6400,0.13979662323248498,5.566526968068696e-05
0.4,0.75,200,0.11853537415796561,0.00020325240083934925
0.4,0.75,400,0.1256111653907336,0.0001566823116987178
0.4,0.75,800,0.130865423534671,0.0001205389510459612
0.4,0.75,1600,0.13400938737970303,8.577649047967975e-05
0.4,0.75,3200,0.13614909544858342,7.054087795233353e-05
0.4,0.75,6400,0.137928009958897,5.298002525948179e-05
0.4,1.0,200,0.11645021805807519,0.00020417340236954446
0.4,1.0,400,0.1236525543925866,0.00015456685815047817
0.4,1.0,800,0.1290113569030336,0.00011175745238276401
0.4,1.0,1600,0.13214464085289482,8.11629201945267e-05
0.4,1.0,3200,0.1342300215886792,6.656786913015824e-05
0.4,1.0,6400,0.1358968321900064,4.913311727412178e-05
