eta,N,D,err_D
-1,100,0.005404912385560692,0.0008410658125655178
-1,200,0.00400695175047828,0.0006556586921574681
-1,400,0.002763334437353332,0.00046513902552777124
-1,800,0.0018811039021035738,0.00021230030603397123
-1,1600,0.001261290412668042,0.00012431420722061102
0,100,0.007273552324249736,0.001109417541462165
0,200,0.0049920129877151125,0.000733361983410594
0,400,0.003324250307218492,0.00043456550507583634
0,800,0.0021077273129481875,0.0002132590849417087
0,1600,0.0013834624462735557,0.00011696935953236406
1,100,0.009403876324012687,0.0015942172016722349
1,200,0.006471053191389749,0.0008570584146481903
1,400,0.00403581554910013,0.0003733058391706161
1,800,0.0025075152271520048,0.00021319867929009705
1,1600,0.001577841003368082,0.00013357226571371122
