eta,gamma,gamma_err,beta,beta_err,ln_k,ln_k_err,R2
-1.0,0.4706849598950935,0.008920832545253402,0.7239485552452207,0.015234825118961832,-1.1635957981153848,0.07026924814423502,0.9923242881102846
-0.75,0.46226675372829223,0.008071633211466724,0.7590131052635241,0.013784579103115532,-1.2952389054907283,0.06358012075193407,0.9938590323625559
-0.5,0.46826850506074036,0.00922605602870736,0.7914182082398167,0.015756080456647573,-1.3219684827965514,0.07267349006866884,0.9924095885298978
-0.25,0.46717495138805987,0.00969374274363245,0.8028548989536367,0.016554787497069238,-1.3675066926524941,0.07635745070491737,0.9917259860884594
0.0,0.46747679133814873,0.00972342655464409,0.8445477360197828,0.016605480365239053,-1.449862641080921,0.07659126954739867,0.992100674519017
0.25,0.4752766937376486,0.012162281102113833,0.8750102801763717,0.02077050990606753,-1.4466564658371048,0.09580208659644174,0.9883261940769392
0.5,0.4872504682366079,0.011606557509365319,0.8990066102171148,0.019821455150394775,-1.4182446065877885,0.09142466046382132,0.9898923641431723
0.75,0.4861329898788177,0.011130239133825241,0.925686596856843,0.019008008343465367,-1.4683575374870979,0.08767270976312994,0.9909687380332868
1.0,0.4990819169756412,0.011256893145417803,0.9481394765609454,0.019224305059385105,-1.4113438148491297,0.08867036056555704,0.9912104704351447
