J,eta,linf_opt,err_linf_opt
0.14,-1.0,0.022802763819095476,8.032619851869355e-05
0.14,-0.75,0.022715452261306533,7.452611083957223e-05
0.14,-0.5,0.022657035175879397,6.621986958193096e-05
0.14,-0.25,0.022570351758793968,6.283970888673307e-05
0.14,0.0,0.022538316582914573,5.994876797245127e-05
0.14,0.25,0.022428391959798993,5.6754723623564985e-05
0.14,0.5,0.022435929648241204,5.489697934332296e-05
0.14,0.75,0.02231422738693467,5.148296521216296e-05
0.14,1.0,0.02227292713567839,4.876668147003259e-05
0.2,-1.0,0.04491559359296483,0.00016681474173963363
0.2,-0.75,0.0446488300879397,0.00014919765221450566
0.2,-0.5,0.04442152167085427,0.00014201887556850802
0.2,-0.25,0.04409528109296482,0.0001178890912520976
0.2,0.0,0.044081147927135675,0.0001189008440791481
0.2,0.25,0.0436606862437186,0.00010261346537506859
0.2,0.5,0.04351876570351759,0.00010166376041162395
0.2,0.75,0.04327496859296483,9.256433034147325e-05
0.2,1.0,0.04296227229899498,8.604085758700141e-05
0.28,-1.0,0.08314227386934674,0.000251364509500983
0.28,-0.75,0.08249528894472362,0.0002383768575851491
0.28,-0.5,0.08195822864321609,0.00022854930635993033
0.28,-0.25,0.08116991206030151,0.00020006428675825228
0.28,0.0,0.08043812814070353,0.00018091764776545776
0.28,0.25,0.07988850502512562,0.00018027778156442975
0.28,0.5,0.07925722361809046,0.00016512898447184636
0.28,0.75,0.07850423994974874,0.0001484973994330474
0.28,1.0,0.07783684045226132,0.00014332147103895287
0.4,-1.0,0.15642391645728645,0.0004508572432853364
0.4,-0.75,0.15411118090452264,0.000393458430188189
0.4,-0.5,0.15203478329145728,0.0003696272678593561
0.4,-0.25,0.14990774183417085,0.0003333507822783235
0.4,0.0,0.14779758165829146,0.0002958721582165015
0.4,0.25,0.1456604114321608,0.0002783329433524307
0.4,0.5,0.14323963567839196,0.0002407985244517095
0.4,0.75,0.1414265860552764,0.00023844540218243183
0.4,1.0,0.13899399340452265,0.0001935094392042696
